Title,Status,List Price,Sold Price,Cost,Retail,Profit,Category,Location,Condition,Invoice #,Tags,Date Listed
"LEGO Minions Unstoppable Bike Chase 75549 - Brand New Sealed","Active",40.00,,15.00,,0.00,"Toys","","new","","LEGO, Minions, The Rise of Gru, Unstoppable Bike Chase, Gru, Bob, Stuart, Kids Toys, Building Set, LEGO 75549, Gift Idea, Toy Motorcycle, Despicable Me",1/25/2026
"RARE RETIRED LEGO 40700 Winter Holiday Train Seasonal GWP BNIB SET #1","Sold",25.00,25.00,0.00,,25.00,"Toys","","new","","40700, Winter Holiday Train, Seasonal, Christmas, GWP, Exclusive, Retired, BNIB, LEGO",1/25/2026
"Records","Sold",0.00,,0.00,,0.00,"Music","","fair","","",1/25/2026
"Escents ZEN Ultrasonic Diffuser & Humidifier - Like New","Active",20.00,,0.00,,0.00,"Home","","like_new","","Escents, ZEN, Ultrasonic, Diffuser,",1/25/2026
"Rare Elon Musk Boring Company ""Not-A-Fire-Extinguisher""","Active",500.00,,40.00,,0.00,"Collectors","","new","","TheBoringCompany, ElonMusk, Tesla, SpaceX, Collector, Memorabilia, FireExtinguisher, NotAFlamethrower, RareFind, TechCollectibles",1/25/2026
"Rare Tesla Tequila Sipping Glasses Set with Metal Stand","Active",150.00,,118.00,,0.00,"Collectors","","new","","Tesla, Tesla Tequila, Sipping Glasses, Barware, Shot Glasses, Tesla Collector, Elon Musk, Gift Idea, Home Bar, Limited Edition",1/25/2026
"RARE RETIRED LEGO BrickHeadz 40466 Lunar New Year Pandas Exclusive BNIB","Active",25.00,,10.00,,0.00,"Toys","","new","","40466, BrickHeadz, Pandas, Lunar New Year, Seasonal, Exclusive, Retired, BNIB, LEGO",1/25/2026
"RETIRED LEGO Creator 31058 Mighty Dinosaurs 3-in-1 Set BNIB","Active",20.00,,10.00,,0.00,"Toys","","new","","31058, Creator, Dinosaurs, T-Rex, 3in1, Retired, Discontinued, LEGO",1/25/2026
"RARE RETIRED LEGO 40416 Ice Skating Rink Winter Seasonal GWP BNIB","Active",45.00,,20.00,,0.00,"Toys","","new","","40416, Ice Skating Rink, Seasonal, Christmas, Winter Village, GWP, Exclusive, Retired, BNIB, LEGO",1/25/2026
"LEGO 40532 Vintage Taxi Set - 18+ Rare Exclusive - Brand New","Draft",40.00,,0.00,,0.00,"Toys","","new","","LEGO, LEGO 40532, Vintage Taxi, LEGO Icons, Modular Buildings, LEGO Collector, Limited Edition, Toy Car, Gift with Purchase, GWP, Rare LEGO, 18 plus LEGO",1/25/2026
"RARE RETIRED LEGO Star Wars 75306 Imperial Probe Droid BNIB 18+","Active",125.00,,90.00,,0.00,"Toys","","new","","75306, Star Wars, Probe Droid, Hoth, Imperial, Retired, BNIB, Display, LEGO",1/25/2026
"NEW RELEASE LEGO Icons 10352 The Simpsons Krusty Burger BNIB 18+","Active",350.00,,292.00,,0.00,"Toys","","new","","10352, Simpsons, Krusty Burger, Icons, Springfield, New, BNIB, Collector, LEGO",1/25/2026
"LEGO 40699 Retro Record Player - Limited Edition GWP - Brand New","Active",65.00,,0.00,,0.00,"Toys","","new","","LEGO, LEGO 40699, Retro Record Player, Vintage, Music, Limited Edition, Gift with Purchase, GWP, Home Decor, Record Player, Rare LEGO, Vinyl Record",1/25/2026
"Rare LEGO 40697 Halloween Pumpkin (Limited Edition GWP) - Sealed","Active",30.00,,0.00,,0.00,"Toys","","new","","LEGO, LEGO Creator, Halloween, Pumpkin, Jack-o-lantern, Light Brick, Limited Edition, Gift with Purchase, GWP, Seasonal, Holiday Decor, Rare LEGO",1/25/2026
"LEGO Minions in Gru’s Lab 75546 - Brand New Factory Sealed","Active",40.00,,15.00,,0.00,"Toys","","new","","LEGO, Minions, The Rise of Gru, Gru’s Lab, Otto, Kevin, Kids Toys, Building Set, LEGO 75546, Gift Idea, 4 Plus LEGO, Despicable Me",1/25/2026
"LEGO City Tractor 60287 - 148 Pieces - Brand New Sealed","Active",30.00,,10.00,,0.00,"Toys","","new","","LEGO, LEGO City, Tractor, Farm Toys, Great Vehicles, Building Set, LEGO 60287, Gift Idea, Kids Toys, Collectible LEGO, Farm Life",1/25/2026
"RARE RETIRED LEGO 910034 BRICK CROSS BNIB","Active",450.00,,392.00,,0.00,"Toys","","new","","910034, BrickLink, BDP, Exclusive, Retired, Modular, Train, Station, LEGO",1/25/2026
"RARE RETIRED LEGO 910050 Antique Shop BDP Modular BNIB","Active",300.00,,224.00,,0.00,"Toys","","new","","910050, BrickLink, BDP, Exclusive, Retired, Modular, Shop, Antique, LEGO",1/25/2026
"RARE RETIRED LEGO 910051 Mushroom Village BDP Exclusive BNIB","Active",450.00,,303.00,,0.00,"Toys","","new","","910051, BrickLink, BDP, Exclusive, Retired, Mushroom, Village, Fantasy, LEGO",1/25/2026
"RARE RETIRED LEGO 910053 The Thieves of Tortuga BDP Exclusive BNIB","Sold",550.00,482.00,482.00,,0.00,"Toys","","new","","910053, BrickLink, BDP, Exclusive, Retired, Pirates, Tortuga, Island, LEGO",1/25/2026
"RARE RETIRED LEGO 910043 Forest Stronghold BDP Exclusive BNIB","Active",600.00,,426.00,,0.00,"Toys","","new","","910043, BrickLink, BDP, Exclusive, Retired, Castle, Forest, Stronghold, Medieval, LEGO",1/25/2026
"RARE RETIRED LEGO 910036 Ocean House BDP Exclusive BNIB","Active",375.00,,292.00,,0.00,"Toys","","new","","910036, BrickLink, BDP, Exclusive, Retired, Ocean, House, Beach, Tropical, LEGO",1/25/2026
"RARE RETIRED LEGO 910038 Ominous Isle BDP Exclusive BNIB","Active",450.00,,347.00,,0.00,"Toys","","new","","910038, BrickLink, BDP, Exclusive, Retired, Ominous, Isle, Pirates, Adventure, LEGO",1/25/2026
"RARE RETIRED LEGO 910048 Riverside Scholars BDP Exclusive BNIB","Active",400.00,,292.00,,0.00,"Toys","","new","","910048, BrickLink, BDP, Exclusive, Retired, Castle, Fantasy, Scholars, Medieval, LEGO",1/25/2026
"RARE RETIRED LEGO 910047 Medieval Seaside Market BDP Exclusive BNIB","Active",500.00,,336.00,,0.00,"Toys","","new","","910047, BrickLink, BDP, Exclusive, Retired, Medieval, Castle, Market, LEGO",1/25/2026
"RARE RETIRED LEGO 40516 Everyone is Awesome Exclusive Set BNIB","Sold",60.00,60.00,50.00,,10.00,"Toys","","new","","40516, Everyone is Awesome, Rainbow, Exclusive, Retired, BNIB, Display, LEGO",1/25/2026
"RETIRED LEGO Creator 31118 Surfer Beach House 3-in-1 Set BNIB","Active",100.00,,78.40,,0.00,"Toys","","new","","31118, Creator, Beach House, Surfer, 3in1, Retired, Discontinued, LEGO",1/25/2026
"RARE RETIRED LEGO 40491 Year of the Tiger Seasonal Exclusive BNIB","Active",20.00,,0.00,,0.00,"Toys","","new","","40491, Year of the Tiger, Lunar New Year, Seasonal, Exclusive, Retired, BNIB, LEGO",1/25/2026
"RARE RETIRED LEGO 40486 Adidas Originals Superstar Mini Build Exclusive BNIB","Active",40.00,,12.58,,0.00,"Toys","","new","","40486, Adidas, Superstar, Originals, Mini Build, Exclusive, Retired, BNIB, LEGO",1/25/2026
"RARE RETIRED LEGO Ideas 40487 Sailboat Adventure Exclusive BNIB","Active",45.00,,25.90,35.00,0.00,"Toys","","new","","40487, Ideas, Sailboat, Adventure, GWP, Gift With Purchase, Exclusive, Retired, BNIB, LEGO",12/29/2025
"RARE RETIRED LEGO BrickHeadz 41599 Wonder Woman DC Comics BNIB","Active",30.00,,10.00,,0.00,"Toys","","new","","41599, BrickHeadz, Wonder Woman, DC Comics, Justice League, Retired, BNIB, LEGO",1/25/2026
"RARE RETIRED LEGO 40410 Charles Dickens A Christmas Carol GWP BNIB","Active",40.00,,22.20,,0.00,"Toys","","new","","40410, Dickens, Christmas Carol, Scrooge, GWP, Seasonal, Exclusive, Retired, BNIB, LEGO",1/25/2026
"RARE RETIRED LEGO 40484 Santa's Front Yard Winter Seasonal GWP BNIB","Active",25.00,,0.00,,0.00,"Toys","","new","","40484, Santa's Front Yard, Seasonal, Christmas, Winter Village, GWP, Exclusive, Retired, BNIB, LEGO",1/25/2026
"VINTAGE RARE RETIRED LEGO 6289 Red Beard Runner Pirate Ship BNIB","Active",950.00,,792.96,,0.00,"Toys","","new","","6289, Red Beard Runner, Pirates, Vintage, Classic, Retired, BNIB, Ship, Captain Redbeard, LEGO",1/3/2026
"RARE RETIRED LEGO 40700 Winter Holiday Train Seasonal GWP BNIB","Sold",25.00,25.00,0.00,,25.00,"Toys","","new","","40700, Winter Holiday Train, Seasonal, Christmas, GWP, Exclusive, Retired, BNIB, LEGO",1/25/2026
"HIGHLY EXCLUSIVE LEGO 910049 Adventure in Transylvania BNIB","Active",600.00,,504.00,,0.00,"Toys","","new","","910049, BrickLink, BDP, Exclusive, Retired, Castle, LEGO",1/25/2026
"RARE RETIRED LEGO 40417 Year of the Ox Seasonal Exclusive BNIB","Active",20.00,,9.62,,0.00,"Toys","","new","","40417, Year of the Ox, Lunar New Year, Seasonal, Exclusive, Retired, BNIB, LEGO",1/25/2026
"Lego Bricklink LIMITED EDITION #910032 Parisian Street","Active",600.00,,470.00,,0.00,"Toys","","new","","lego,bricklink, limited, rare, 910032, Parisian, parisian street, building, bistro, store",1/25/2026
"Lego Bricklink LIMITED EDITION #910042 Lost City","Active",475.00,,392.00,,0.00,"Toys","","new","","lego,bricklink, limited, rare, 910042, Lost city, lost, city, castle",1/25/2026
"Lego Bricklink LIMITED EDITION #910030 Snack Shack","Active",150.00,,73.00,,0.00,"Toys","","new","","lego,bricklink, limited, rare, 910030, snack, shack, snack shack, trailer",1/25/2026
"Lego Bricklink LIMITED EDITION #910031 General Store","Active",350.00,,235.00,,0.00,"Toys","","new","","lego,bricklink, limited, rare, 910031, General, store, general store, building",1/25/2026
"Lego Bricklink LIMITED EDITION #910045 Siege Encampent","Active",450.00,,336.00,,0.00,"Toys","","new","","lego,bricklink, limited, rare, 910031, General, store, general store, building",1/25/2026
"Lego Bricklink LIMITED EDITION #910003 Mountain Windmill","Active",600.00,,258.00,,0.00,"Toys","","new","","lego,bricklink, limited, rare, 910031, General, store, general store, building",1/25/2026
"Lego Bricklink LIMITED EDITION #910009 Modular Lego Store","Sold",650.00,600.00,258.00,,342.00,"Toys","","new","","lego,bricklink, limited, rare, 910009, Modular, lego, store, lego store, modular lego store, building",1/25/2026
"911/718 Graphite Blue carpet floor mats","Active",150.00,,0.00,,0.00,"Car","","new","","porsche, floor mats, floor, mats, graphite blue, blue, carpet",1/25/2026
"Uniden Appcam Solo - Security Camera","Active",50.00,,0.00,,0.00,"Camera","","new","","security, camera, app, cam, uniden, security cam, 1080p",1/25/2026
"Solid steel Fixture table","Active",3200.00,,500.00,,0.00,"Commercial","","good","","Steel table, fixture table, manufactuing, lighting, steel, ",1/25/2026
"Commercial Ventilated Ladder Tray/Raceway","Active",1234.00,,0.00,,0.00,"Commercial","","new","","CER, Ladder tray, cable tray, tray, aluminum, raceway",1/25/2026
"Ski boots ","Draft",0.00,,0.00,,0.00,"","","new","","",1/25/2026
"Lego Bricklink LIMITED EDITION #910033 Old Train Engine Shed","Active",450.00,,336.00,,0.00,"Toys","","new","","lego, old train engine shed, 910033, bricklink, train, engine",1/25/2026
"Lego Bricklink LIMITED EDITION #910044 Wild West Train","Active",500.00,,392.00,,0.00,"Toys","","new","","lego, old train engine, 910044, bricklink, train, wild west, 910044, ",1/25/2026
"Lego Bricklink LIMITED EDITION #910039 The Art of Chocolate","Active",450.00,,336.00,,0.00,"Toys","","new","","lego,art of chocolate, bricklink, chocolate, limited, 910039, rare ",1/25/2026
"Lego Bricklink LIMITED EDITION #910040 Harbormasters Office","Active",400.00,,292.00,,0.00,"Toys","","new","","lego,bricklink, limited, rare, 910040, Office, Harbormasters, harbormasters office ",1/25/2026
"Lego Bricklink LIMITED EDITION #910046 Merchant Boat","Active",350.00,,245.00,,0.00,"Toys","","new","","lego,bricklink, limited, rare, 910046, boat, merchant boat, merchant, fishing, house boat, house",1/25/2026
"Samsara Fleet Management Lot - VG34 Gateways & CM32 Dash Cams","Active",200.00,,0.00,,0.00,"Electronics","","new","","Samsara, Fleet Tracking, GPS Tracker, Dash Cam, Business Equipment, Trucking, Logistics, VG34, CM32, Vehicle Gateway, AI Camera, Fleet Safety",1/25/2026
"Mercedes C63S AMG Performance Brake Pad Lot - Porterfield R4/R4-S and OEM","Active",250.00,,0.00,,0.00,"Car","","good","","Mercedes, C63S, AMG, W205, Porterfield, Brake Pads, Racing Brakes, Carbon Kevlar, AP1291, AP1669, Performance Parts, C63 AMG, E63 AMG, S63 AMG",1/25/2026
"Electrical Switch Bundle - Countdown Timers, 7-Day Digital & Motion Sensors","Active",100.00,,0.00,,0.00,"Electrical","","new","","Wall Timer, Motion Sensor, Dimmer Switch, Home Automation, Energy Saving, Electrical Supplies, Digital Timer, Countdown Timer, Occupancy Sensor, Renovation, Bulk Lot, Home Improvement",1/25/2026
"LEGO Super Mario Adventures with Peach Starter Course 71403 - Brand New","Active",100.00,,84.00,,0.00,"Toys","","new","","LEGO, Super Mario, Princess Peach, Starter Course, Nintendo, Building Set, Interactive Toy, LEGO 71403, Gift Idea, Kids Toys, Collectible LEGO",12/30/2025
"LEGO Jurassic World 75940 Gallimimus and Pteranodon Breakout - Brand New","Active",100.00,,53.20,,0.00,"Toys","","new","","LEGO, Jurassic World, Dinosaur, Gallimimus, Pteranodon, Owen Grady, Claire Dearing, LEGO 75940, Building Set, Toy Car, Gift Idea, Kids Toys, Collectible LEGO",1/25/2026
"LEGO 76164 Iron Man Hulkbuster Mech Set - 456 Pieces - Factory Sealed","Sold",75.00,70.00,50.00,,20.00,"Toys","","new","","LEGO, Marvel, Avengers, Iron Man, Hulkbuster, Rescue, Pepper Potts, AIM Agent, Superhero, Building Set, LEGO 76164, Gift Idea, Kids Toys, Collectible LEGO",1/25/2026
"LEGO DC Batman Joker's Trike Chase 76159 - Brand New Sealed","Active",75.00,,53.20,,0.00,"Toys","","new","","LEGO, DC, Batman, The Joker, Harley Quinn, Robin, Batmobile, Gotham City, Superheroes, Building Set, LEGO 76159, Gift Idea, Kids Toys, Collectible LEGO",1/25/2026
"LEGO Marvel Avengers Truck Take-down 76143 - Retired Set - New","Active",60.00,,40.00,,0.00,"Toys","","new","","LEGO, Marvel, Avengers, Captain America, Hawkeye, AIM Agent, Superhero, Building Set, LEGO 76143, Retired LEGO, Gift Idea, Kids Toys, Collectible LEGO",1/25/2026
"LEGO Marvel Avengers Iron Man Hall of Armor 76125 - Brand New","Active",100.00,,60.00,,0.00,"Toys","","new","","LEGO, Marvel, Avengers, Iron Man, Tony Stark, Hall of Armor, Igor Mech, Superheroes, Building Set, LEGO 76125, Gift Idea, Kids Toys, Collectible LEGO, MCU",1/25/2026
"LEGO Ninjago Zane's Mino Creature 71719 - Brand New Sealed","Active",85.00,,10.00,,0.00,"Toys","","new","","LEGO, Ninjago, Zane, Cole, Mino Creature, Shintaro, Board Game, Ninja, Geckles, Building Set, LEGO 71719, Gift Idea, Kids Toys, Collectible LEGO",1/25/2026
"LEGO Ninjago OverBorg Attack 70722 - Retired Set - Brand New","Active",125.00,,19.32,,0.00,"Toys","","new","","LEGO, Ninjago, Lloyd, Green Ninja, OverBorg, Techno-Blade, Ninja Cycle, Tank Bike, Building Set, LEGO 70722, Retired LEGO, Gift Idea, Kids Toys, Collectible LEGO",1/25/2026
"LEGO Creator 3-in-1 Race Car Transporter 31113 - Brand New Sealed","Active",40.00,,19.00,,0.00,"Toys","","new","","LEGO, LEGO Creator, 3-in-1, Race Car Transporter, Crane Truck, Tugboat, Toy Cars, Building Set, LEGO 31113, Gift Idea, Kids Toys, Collectible LEGO",1/25/2026
"RARE RETIRED LEGO 40700 Winter Holiday Train Seasonal GWP BNIB (Copy)","Sold",25.00,25.00,0.00,,25.00,"Toys","","new","","40700, Winter Holiday Train, Seasonal, Christmas, GWP, Exclusive, Retired, BNIB, LEGO",1/25/2026
"RARE RETIRED LEGO 40516 Everyone is Awesome Exclusive Set BNIB (Copy)","Sold",60.00,60.00,50.00,,10.00,"Toys","","new","","40516, Everyone is Awesome, Rainbow, Exclusive, Retired, BNIB, Display, LEGO",1/25/2026
"LEGO Hidden Side The Lighthouse of Darkness 70431 - Brand New","Active",85.00,,62.00,,0.00,"Toys","","new","","LEGO, Hidden Side, Lighthouse, Ghost Hunting, Augmented Reality, AR Toy, LEGO 70431, Superheroes, Building Set, Gift Idea, Kids Toys, Collectible LEGO",1/25/2026
"LEGO Hidden Side Shrimp Shack Attack 70422 - Brand New & Sealed","Active",80.00,,62.00,,0.00,"Toys","","new","","LEGO, Hidden Side, Shrimp Shack, Ghost Hunting, Augmented Reality, AR Toy, LEGO 70422, Building Set, Gift Idea, Kids Toys, Collectible LEGO, Retired LEGO",1/25/2026
"LEGO Hidden Side Ghost Train Express 70424 - Brand New & Sealed","Active",120.00,,88.00,,0.00,"Toys","","new","","LEGO, Hidden Side, Ghost Train, Ghost Hunting, Augmented Reality, AR Toy, LEGO 70424, Building Set, Gift Idea, Kids Toys, Collectible LEGO, Retired LEGO, Haunted Train",1/25/2026
"LEGO Hidden Side Phantom Fire Truck 3000 (70436) - Brand New & Sealed","Active",120.00,,72.00,,0.00,"Toys","","new","","LEGO, Hidden Side, Phantom Fire Truck, Fire Truck, Mech, Ghost Hunting, Augmented Reality, AR Toy, LEGO 70436, Building Set, Gift Idea, Kids Toys, Collectible LEGO, Retired LEGO",1/25/2026
"LEGO Hidden Side Newbury Juice Bar 40336 - Brand New & Sealed","Active",25.00,,2.46,,0.00,"Toys","","new","","LEGO, Hidden Side, Newbury Juice Bar, Ghost Hunting, Augmented Reality, AR Toy, LEGO 40336, Building Set, Gift Idea, Kids Toys, Collectible LEGO, Retired LEGO",1/25/2026
"LEGO Hidden Side El Fuego's Stunt Plane 70429 - Retired - Brand New","Active",50.00,,35.00,,0.00,"Toys","","new","","LEGO, Hidden Side, El Fuego, Stunt Plane, Ghost Hunting, Augmented Reality, AR Toy, LEGO 70429, Building Set, Gift Idea, Kids Toys, Collectible LEGO, Retired LEGO, Biplane",1/25/2026
"LEGO Hidden Side Supernatural Race Car 70434 - Retired - Brand New","Active",85.00,,35.00,,0.00,"Toys","","new","","LEGO, Hidden Side, Supernatural Race Car, Race Car, Ghost Hunting, Augmented Reality, AR Toy, LEGO 70434, Building Set, Gift Idea, Kids Toys, Collectible LEGO, Retired LEGO",1/25/2026
"LEGO Hidden Side Jack's Beach Buggy 70428 - Retired Set - Brand New","Active",35.00,,22.00,,0.00,"Toys","","new","","LEGO, Hidden Side, Jack's Beach Buggy, Dune Buggy, Ghost Hunting, Augmented Reality, AR Toy, LEGO 70428, Building Set, Gift Idea, Kids Toys, Collectible LEGO, Retired LEGO",1/25/2026
"LEGO Hidden Side J.B.'s Ghost Lab 70418 - Retired Set - Brand New","Active",40.00,,22.00,,0.00,"Toys","","new","","LEGO, Hidden Side, J.B.'s Ghost Lab, Ghost Hunting, Augmented Reality, AR Toy, LEGO 70418, Mad Scientist, Building Set, Gift Idea, Kids Toys, Collectible LEGO, Retired LEGO",1/25/2026
"LEGO Hidden Side Paranormal Intercept Bus 3000 (70423) - Retired - New","Active",100.00,,71.00,,0.00,"Toys","","new","","LEGO, Hidden Side, Paranormal Intercept Bus 3000, School Bus, Ghost Hunting, Augmented Reality, AR Toy, LEGO 70423, Building Set, Gift Idea, Kids Toys, Collectible LEGO, Retired LEGO",1/25/2026
"LEGO Hidden Side J.B.'s Submarine 70433 - Retired Set - Brand New","Active",50.00,,22.00,,0.00,"Toys","","new","","LEGO, Hidden Side, J.B.'s Submarine, Submarine, Shark, Ghost Hunting, Augmented Reality, AR Toy, LEGO 70433, Building Set, Gift Idea, Kids Toys, Collectible LEGO, Retired LEGO",1/25/2026
"LEGO 70427 Welcome to the Hidden Side - 189 Pieces - AR Interactive - Sealed","Active",50.00,,22.00,,0.00,"Toys","","new","","LEGO, Hidden Side, Welcome to the Hidden Side, Ghost Hunting, Augmented Reality, AR Toy, LEGO 70427, Haunted Tree, Building Set, Gift Idea, Kids Toys, Collectible LEGO, Retired LEGO",1/25/2026
"LEGO Hidden Side Haunted Fairground 70432 - Retired Set - Brand New","Active",80.00,,62.00,,0.00,"Toys","","new","","LEGO, Hidden Side, Haunted Fairground, Roller Coaster, Amusement Park, Ghost Hunting, Augmented Reality, AR Toy, LEGO 70432, Building Set, Gift Idea, Kids Toys, Collectible LEGO, Retired LEGO",1/25/2026
"LEGO Hidden Side Drag Racer 40408 - Retired Promotional Set - New","Active",25.00,,2.46,,0.00,"Toys","","new","","LEGO, Hidden Side, Drag Racer, Race Car, Ghost Hunting, Augmented Reality, AR Toy, LEGO 40408, Building Set, Gift Idea, Kids Toys, Collectible LEGO, Retired LEGO, Promotional Set",12/30/2025
"LEGO Super Mario Big Urchin Beach Ride 71400 - Expansion Set - New","Active",125.00,,89.60,,0.00,"Toys","","new","","LEGO, Super Mario, Nintendo, Big Urchin, Expansion Set, LEGO 71400, Yoshi, Cheep Cheep, Building Set, Gift Idea, Kids Toys, Collectible LEGO",1/25/2026
"LEGO Super Mario Master Your Adventure Maker Set 71380 - Brand New","Active",100.00,,78.40,,0.00,"Toys","","new","","LEGO, Super Mario, Nintendo, Larry Koopa, Mario Maker, Expansion Set, LEGO 71380, Goomba, Bob-omb, Building Set, Gift Idea, Kids Toys, Retired LEGO",1/25/2026
"LEGO Super Mario Toad’s Special Hideaway 77907 - Rare SDCC Exclusive - New","Active",150.00,,100.00,,0.00,"Toys","","new","","LEGO, Super Mario, Nintendo, Toad, Toad Village, Expansion Set, LEGO 77907, Rare LEGO, SDCC Exclusive, Comic-Con, Limited Edition, Retired LEGO, Gift Idea, Collectible LEGO",1/25/2026
"LEGO Super Mario Lakitu Sky World 71389 - Retired - Brand New Sealed","Active",75.00,,56.00,,0.00,"Toys","","new","","LEGO, Super Mario, Nintendo, Lakitu, Bullet Bill, Expansion Set, LEGO 71389, Fuzzy, Building Set, Gift Idea, Kids Toys, Collectible LEGO, Retired LEGO",1/25/2026
"LEGO Super Mario Chain Chomp Jungle Encounter 71381 - Retired - New","Active",60.00,,28.00,,0.00,"Toys","","new","","LEGO, Super Mario, Nintendo, Chain Chomp, Bramball, Expansion Set, LEGO 71381, Soda Jungle, Building Set, Gift Idea, Kids Toys, Collectible LEGO, Retired LEGO",1/25/2026
"LEGO Super Mario Boss Sumo Bro Topple Tower 71388 - Retired - New","Active",60.00,,44.80,,0.00,"Toys","","new","","LEGO, Super Mario, Nintendo, Boss Sumo Bro, Crowber, Expansion Set, LEGO 71388, Topple Tower, Building Set, Gift Idea, Kids Toys, Collectible LEGO, Retired LEGO",1/25/2026
"LEGO Super Mario Piranha Plant Puzzling Challenge 71382 - Retired - New","Active",60.00,,44.80,,0.00,"Toys","","new","","LEGO, Super Mario, Nintendo, Piranha Plant, Spiny, Expansion Set, LEGO 71382, Soda Jungle, Building Set, Gift Idea, Kids Toys, Collectible LEGO, Retired LEGO",1/25/2026
"LEGO Friends Amusement Park Roller Coaster 41130 - 1124 Pieces - Retired","Active",200.00,,50.00,,0.00,"Toys","","new","","LEGO, LEGO Friends, Amusement Park, Roller Coaster, Ferris Wheel, Drop Tower, Retired LEGO, Heartlake City, Building Set, Gift Idea, Kids Toys, Collectible LEGO, Rare LEGO",1/25/2026
"LEGO Friends Baking Competition 41393 - 361 Pieces - Retired Set - New","Active",40.00,,10.00,,0.00,"Toys","","new","","LEGO, LEGO Friends, Baking Competition, TV Studio, Cooking Toy, Heartlake City, Building Set, Gift Idea, Kids Toys, Collectible LEGO, Retired LEGO, Stephanie, David, Lillie",1/25/2026
"LEGO Ninjago Micro Ninjago Docks 40704 - Limited Edition - New Sealed","Active",40.00,,0.00,,0.00,"Toys","","new","","LEGO, LEGO Ninjago, Ninjago City, Microscale, Limited Edition, LEGO 40704, Ninja Toys, Building Set, Gift Idea, Collectible LEGO, Retired LEGO, Modular Building",1/25/2026
"LEGO Disney Belle's Castle Winter Celebration 43180 - Brand New Sealed","Active",85.00,,15.00,,0.00,"Toys","","new","","LEGO, Disney Princess, Belle, Beauty and the Beast, Disney Castle, LEGO 43180, Winter Celebration, Building Set, Gift Idea, Kids Toys, Collectible LEGO, Retired LEGO",1/25/2026
"LEGO DC Wonder Woman vs Cheetah 76157 - Retired Set - Brand New","Active",55.00,,38.00,,0.00,"Toys","","new","","LEGO, DC Comics, Super Heroes, Wonder Woman, Cheetah, Maxwell Lord, WW84, Wonder Woman 1984, LEGO 76157, Building Set, Gift Idea, Kids Toys, Collectible LEGO, Retired LEGO",1/25/2026
"LEGO Marvel Spider-Man Molten Man Battle 76128 - Retired - New Sealed","Active",75.00,,30.40,,0.00,"Toys","","new","","LEGO, Marvel, Spider-Man, Far From Home, Molten Man, Mysterio, Stealth Suit, Night Monkey, Super Heroes, LEGO 76128, Building Set, Gift Idea, Kids Toys, Collectible LEGO, Retired LEGO",1/25/2026
"LEGO Harry Potter Forbidden Forest: Umbridge's Encounter 75967 - Retired - New","Active",55.00,,44.80,,0.00,"Toys","","new","","LEGO, Harry Potter, Wizarding World, Forbidden Forest, Dolores Umbridge, Grawp, Centaur, Order of the Phoenix, LEGO 75967, Building Set, Gift Idea, Kids Toys, Collectible LEGO, Retired LEGO",1/25/2026
"LEGO Super Mario Luigi’s Mansion Haunt-and-Seek 71401 - Retired - New","Active",160.00,,123.20,,0.00,"Toys","","new","","LEGO, Super Mario, Nintendo, Luigi’s Mansion, King Boo, Toad, Expansion Set, LEGO 71401, Ghost Hunting, Building Set, Gift Idea, Kids Toys, Collectible LEGO, Retired LEGO",1/25/2026
"LEGO BrickHeadz Voldemort, Nagini & Bellatrix 40496 - Retired - New","Active",60.00,,39.20,,0.00,"Toys","","new","","LEGO, Harry Potter, BrickHeadz, Voldemort, Nagini, Bellatrix Lestrange, Wizarding World, LEGO 40496, Building Set, Gift Idea, Kids Toys, Collectible LEGO, Retired LEGO",1/25/2026
"LEGO Star Wars Hoth AT-ST 75322 - Retired Set - Brand New Sealed","Active",100.00,,72.80,,0.00,"Toys","","new","","LEGO, Star Wars, Hoth AT-ST, Empire Strikes Back, Chewbacca, Walker, LEGO 75322, Battle of Hoth, Building Set, Gift Idea, Kids Toys, Collectible LEGO, Retired LEGO",1/25/2026
"LEGO Star Wars Boba Fett’s Throne Room 75326 - Retired Set - Brand New","Active",130.00,,80.00,,0.00,"Toys","","new","","LEGO, Star Wars, Boba Fett, Fennec Shand, Jabba's Palace, Book of Boba Fett, Mandalorian, LEGO 75326, Building Set, Gift Idea, Kids Toys, Collectible LEGO, Retired LEGO",1/25/2026
"LEGO Batman vs. The Joker: Batmobile Chase 76180 - Retired - New Sealed","Active",60.00,,30.40,,0.00,"Toys","","new","","LEGO, Batman, DC Super Heroes, Batmobile, The Joker, Batgirl, LEGO 76180, Building Set, Gift Idea, Kids Toys, Collectible LEGO, Retired LEGO",1/25/2026
"LEGO Botanical Flowerpot 40588 - Retired Limited Edition - New Sealed","Active",60.00,,0.00,,0.00,"Toys","","new","","LEGO, Flowerpot, Botanical Collection, LEGO 40588, Flowers, Home Decor, Gift with Purchase, Retired LEGO, Limited Edition, Building Set, Gift Idea, Adult LEGO",1/25/2026
"LEGO Icons Atari 2600 Video Computer System 10306 - Retired - New Sealed","Active",380.00,,336.00,,0.00,"Toys","","new","","LEGO, LEGO Icons, Atari 2600, Retro Gaming, 1980s, Video Game Console, LEGO 10306, Asteroids, Centipede, Adventure, Building Set, Gift Idea, Collectible LEGO, Retired LEGO",1/25/2026
"LEGO Ideas Red London Telephone Box 21347 - Authentic Display - New Sealed","Active",200.00,,168.00,,0.00,"Toys","","new","","LEGO, LEGO Ideas, Red London Telephone Box, United Kingdom, London, British Icon, K2 Telephone Box, 100th Anniversary, Display Model, Adult LEGO, Gift for Travelers, History Buff, Retired LEGO (Upcoming)",1/25/2026
"LEGO BrickLink Mushroom House 910037 - Designer Program Series 2 - New Sealed","Active",220.00,,134.40,,0.00,"Toys","","new","","LEGO, BrickLink Designer Program, Mushroom House, Forest Elves, Fantasy, Jonas Kramm, LEGO 910037, BDP Series 2, Building Set, Gift Idea, Collectible LEGO, Retired LEGO",1/25/2026
"LEGO BrickLink Logging Railway 910035 - Series 2 Designer Program - New Sealed","Active",375.00,,302.40,,0.00,"Toys","","new","","LEGO, BrickLink Designer Program, Logging Railway, Steam Train, Trestle Bridge, LEGO 910035, BDP Series 2, Train Collector, Building Set, Gift Idea, Collectible LEGO, Retired LEGO",1/25/2026
"LEGO 910015 Clockwork Aquarium - 874 Pieces - Mechanical Motion 4-in-1 Set - Sealed","Active",200.00,,89.60,,0.00,"Toys","","new","","LEGO, BrickLink Designer Program, Clockwork Aquarium, Mechanical LEGO, LEGO 910015, Fish Tank, Farquar, AFOL, Building Set, Gift Idea, Collectible LEGO, Retired LEGO",1/25/2026
"LEGO® Icons #10300 Back to the Future Time Machine","Inventory",0.00,,280.00,,0.00,"Toys","BIN ONE","new","","",12/23/2025
"Ideas #21334 Jazz Quartet","Inventory",0.00,,145.60,,0.00,"Toys","BIN ONE","new","","",12/23/2025
"The Botanical Collection #10329 Tiny Plants","Inventory",0.00,,78.40,,0.00,"Toys","BIN ONE","new","","",12/23/2025
"Ideas #21345 Polaroid OneStep SX-70 Camera","Inventory",0.00,,112.00,,0.00,"Toys","BIN ONE","new","","",12/23/2025
"Marvel #76249 Venomized Groot","Inventory",0.00,,72.80,,0.00,"Toys","BIN ONE","new","","",12/23/2025
"Fantasy Adventure Ride #6435198","Inventory",0.00,,0.00,,0.00,"Toys","BIN ONE","new","","",12/23/2025
"LEGO #40529 CHILDRENS AMUSEMENT PARK","Inventory",0.00,,0.00,,0.00,"Toys","BIN ONE","new","","",12/23/2025
"LEGO #40522 Valentine Lovebirds","Inventory",0.00,,19.04,,0.00,"Toys","BIN ONE","new","","",12/23/2025
"LEGO BrickHeadz #40443 Budgie","Inventory",0.00,,13.44,,0.00,"Toys","BIN ONE","new","","",12/23/2025
"LEGO #40704 MICRO NINJAGO DOCKS","Inventory",0.00,,0.00,,0.00,"Toys","BIN ONE","new","","",12/23/2025
"LEGO #40580 BLACKTRON CRUISER","Inventory",0.00,,0.00,,0.00,"Toys","BIN TWO","new","","",12/23/2025
"LEGO #40588 FLOWERPOT GWP","Inventory",0.00,,0.00,,0.00,"Toys","BIN TWO","new","","",12/23/2025
"LEGO #40564 WINTER ELVES SCENE","Inventory",0.00,,0.00,,0.00,"Toys","BIN TWO","new","","",12/23/2025
"LEGO #40563 TRIBUTE TO LEGO HOUSE","Inventory",0.00,,0.00,,0.00,"Toys","BIN TWO, BIN THREE","new","","",12/23/2025
"LEGO #71404 SUPER MARIO GOOMBAS SHOE EXPANSION SET","Inventory",0.00,,15.68,,0.00,"Toys","BIN TWO","new","","",12/23/2025
"LEGO #6487473 GRAY CASTLE","Inventory",0.00,,0.00,,0.00,"Toys","BIN TWO","new","","",12/23/2025
"LEGO #10497 GALAXY EXPLORER","Inventory",0.00,,146.60,,0.00,"Toys","BIN TWO","new","","",12/23/2025
"LEGO #71426 PIRANHA PLANT SUPER MARIO","Inventory",0.00,,89.60,,0.00,"Toys","BIN TWO","new","","",12/23/2025
"LEGO #76223 NNO GAUNTLET MARVEL","Inventory",0.00,,100.80,,0.00,"Toys","BIN TWO","new","","",12/23/2025
"LEGO #910015 CLOCKWORK AQUARIUM BRICKLINK DESIGNER","Inventory",0.00,,89.60,,0.00,"Toys","BIN TWO","new","","",12/23/2025
"LEGO #75349 CAPTAIN REX HELMET STAR WARS","Inventory",0.00,,100.80,,0.00,"Toys","BIN TWO","new","","",12/23/2025
"LEGO #76251 STAR-LORDS HELMET MARVEL","Inventory",0.00,,112.00,,0.00,"Toys","BIN TWO","new","","",12/23/2025
"LEGO #40627 SONIC THE HEDGEHOG BRICKHEADS","Inventory",0.00,,14.69,,0.00,"Toys","BIN TWO","new","","",12/23/2025
"LEGO #40628 MILES ""TAILS"" PROWLER BRICKHEADS","Inventory",0.00,,14.69,,0.00,"Toys","BIN TWO","new","","",12/23/2025
"LEGO #40590 HOUSE OF THE WORLD 2 GWP","Inventory",0.00,,0.00,,0.00,"Toys","BIN TWO","new","","",12/23/2025
"LEGO #6471612 Tape Player / Cassette Player","Inventory",0.00,,0.00,,0.00,"Toys","BIN TWO","new","","",12/23/2025
"LEGO #40595 TRIBUTE TO GALILEO GALILEI","Inventory",0.00,,0.00,,0.00,"Toys","BIN TWO","new","","",12/23/2025
"LEGO #76217 I AM GROOT MARVEL","Inventory",0.00,,78.40,,0.00,"Toys","BIN TWO","new","","",12/23/2025
"LEGO #910039 The Art of Chocolate BRICKLINK DESIGNER","Inventory",0.00,,336.00,,0.00,"Toys","BOX A","new","","",12/23/2025
"LEGO #910046 Merchant Boat BRICKLINK DESIGNER","Inventory",0.00,,246.40,,0.00,"Toys","BOX A","new","","",12/23/2025
"LEGO #910045 Siege Encampment BRICKLINK DESIGNER","Inventory",0.00,,336.00,,0.00,"Toys","BOX A","new","","",12/23/2025
"LEGO #910033 Old Train Engine Shed BRICKLINK DESIGNER","Inventory",0.00,,336.00,,0.00,"Toys","BOX A","new","","",12/23/2025
"LEGO #910035 Logging Railway","Inventory",0.00,,302.40,,0.00,"Toys","BOX A","new","","",12/23/2025
"LEGO® Icons #10312 Jazz Club","Inventory",0.00,,336.00,,0.00,"Toys","BOX B","new","","",12/23/2025
"LEGO® Super Mario™ #71411 The Mighty Bowser™","Inventory",0.00,,392.00,,0.00,"Toys","BOX B","new","","",12/23/2025
"LEGO Ideas #21337 Table Football","Inventory",0.00,,208.32,,0.00,"Toys","BOX B","new","","",12/23/2025
"LEGO #910031 General Store BRICKLINK DESIGNER","Inventory",0.00,,235.20,,0.00,"Toys","BOX C","new","","",12/23/2025
"LEGO #910013 Retro Bowling Alley BRICKLINK DESIGNER","Inventory",0.00,,336.00,,0.00,"Toys","BOX C","new","","",12/23/2025
"LEGO #80109 LUNAR NEW YEAR ICE FESTIVAL","Inventory",0.00,,117.60,,0.00,"Toys","BOX C","new","","",12/23/2025
"LEGO #21338 A-FRAME CABIN","Inventory",0.00,,268.80,,0.00,"Toys","BOX C","new","","",12/23/2025
"LEGO #31208 HOKUSAI - THE GREAT WAVE ","Inventory",0.00,,156.80,,0.00,"Toys","BOX C","new","","",12/23/2025
"LEGO Star Wars™ #75352 Emperor's Throne Room™ Diorama","Inventory",0.00,,145.60,,0.00,"Toys","BIN THREE","new","","",12/23/2025
"LEGO Harry Potter™ #76399 Hogwarts™ Magical Trunk","Inventory",0.00,,95.20,,0.00,"Toys","BIN THREE","new","","",12/23/2025
"LEGO Star Wars™ #75379 R2-D2™","Inventory",0.00,,145.60,,0.00,"Toys","BIN THREE","new","","",12/23/2025
"LEGO #40602 Winter Market Stall","Inventory",0.00,,0.00,,0.00,"Toys","BIN THREE, BIN FOUR","new","","",12/23/2025
"RARE RETIRED LEGO 40484 Santa's Front Yard Winter Seasonal GWP BNIB (Copy)","Sold",25.00,25.00,0.00,,25.00,"Toys","","new","","40484, Santa's Front Yard, Seasonal, Christmas, Winter Village, GWP, Exclusive, Retired, BNIB, LEGO",1/25/2026
"RARE RETIRED LEGO 40484 Santa's Front Yard Winter Seasonal GWP BNIB (Copy 2)","Sold",25.00,25.00,0.00,,25.00,"Toys","","new","","40484, Santa's Front Yard, Seasonal, Christmas, Winter Village, GWP, Exclusive, Retired, BNIB, LEGO",1/25/2026
"Lego 40597 SCARY PIRATE ISLAND GWP","Inventory",0.00,,0.00,25.00,0.00,"Toys","BIN THREE","new","T421346673","",12/27/2025
"LEGO 40601 Majisto’s Magical Workshop GWP","Inventory",0.00,,0.00,40.00,0.00,"Toys","BIN THREE","new","T425172805","",12/27/2025
"LEGO 40496 Voldemort, Nagini & Bellatrix BRICKHEADZ","Inventory",0.00,,27.44,35.00,0.00,"Toys","BIN THREE","new","T401056434","",12/27/2025
"LEGO 40648 Money Tree","Inventory",0.00,,29.39,35.00,0.00,"Toys","BIN THREE","new","T421346673","",12/27/2025
"LEGO 40680 Flower Store GWP","Inventory",0.00,,0.00,25.00,0.00,"Toys","BIN THREE","new","T433731315","",12/27/2025
"LEGO 40521 Mini Disney The Haunted Mansion","Inventory",0.00,,61.60,55.00,0.00,"Toys","BIN THREE","new","T402851183","",12/27/2025
"LEGO 40619 EVE &WALLE BRICKHEADZ","Inventory",0.00,,22.40,20.00,0.00,"Toys","BIN THREE","new","T411606958","",12/27/2025
"LEGO 40703 MICRO NINJAGO CITY","Inventory",0.00,,0.00,22.00,0.00,"Toys","BIN THREE","new","T439791389","",12/27/2025
"LEGO 40613 MINI DISNEY PALACE OF AGRABAH","Inventory",0.00,,44.80,40.00,0.00,"Toys","BIN THREE","new","T426413221","",12/27/2025
"LEGO 40478 Mini Disney Castle","Inventory",0.00,,61.60,50.00,0.00,"Toys","BIN THREE","new","T398448239","",12/27/2025
"LEGO 40585 WORLD OF WONDERS","Inventory",0.00,,0.00,25.00,0.00,"Toys","BIN THREE, BIN 12","new","T441036503","",12/27/2025
"LEGO 40591 Death Star II™ GWP","Inventory",0.00,,0.00,30.00,0.00,"Toys","BIN THREE","new","T413018835","",12/27/2025
"LEGO 40586 Moving Truck GWP","Inventory",0.00,,0.00,30.00,0.00,"Toys","BIN THREE","new","T409304350","",12/27/2025
"LEGO 40464 Chinatown polybag","Inventory",0.00,,0.00,,0.00,"Toys","BIN THREE","new","","",12/27/2025
"LEGO 40565 SANTAS WORKSHOP","Inventory",0.00,,0.00,25.00,0.00,"Toys","BIN THREE","new","T402850889","",12/27/2025
"LEGO 6313287 Buildable 2 x 4 Red Brick","Inventory",0.00,,0.00,10.00,0.00,"Toys","BIN THREE","new","T409304211","",12/27/2025
"LEGO 10309 THE BONTANICAL COLLECTION","Inventory",0.00,,78.40,70.00,0.00,"Toys","BIN FOUR","new","T392062816","",12/28/2025
"LEGO 75339 DEATH STAR TRASH COMPACTOR DIORAMA","Inventory",0.00,,134.40,120.00,0.00,"Toys","BIN FOUR","new","T413018835","",12/28/2025
"LEGO 6432434 Dragon Adventure Ride","Inventory",0.00,,0.00,30.00,0.00,"Toys","BIN FOUR","new","T401049886","",12/28/2025
"LEGO 40582 4X4 OFF ROAD AMBULANCE RESCUE","Inventory",0.00,,0.00,25.00,0.00,"Toys","BIN FOUR","new","T411606958, T409304211","",12/28/2025
"LEGO 40681 RETRO FOOD TRUCK GWP","Inventory",0.00,,0.00,33.00,0.00,"Toys","BIN FOUR","new","T426413221","",12/28/2025
"LEGO 40567 FOREST HIDEOUT","Inventory",0.00,,0.00,30.00,0.00,"Toys","BIN FOUR","new","T392377341","",12/28/2025
"LEGO 40683 FLOWER TRELLIS DISPLAY GWP","Inventory",0.00,,0.00,33.00,0.00,"Toys","BIN FOUR","new","T435568157","",12/28/2025
"LEGO 40484 SANTAS FRONT YARD","Inventory",0.00,,0.00,27.00,0.00,"Toys","BIN FOUR","new","T393689133","",12/28/2025
"LEGO 76239 LEGO DC BATMAN BATMOBILE TUMBLER SCARECROW SHOWDOWN","Inventory",0.00,,56.00,50.00,0.00,"Toys","BIN FOUR","new","T390895977","",12/28/2025
"LEGO 31136 CREATOR 3 IN 1 EXOTIC PARROT","Inventory",0.00,,28.00,25.00,0.00,"Toys","BIN FOUR","new","T423118488","",12/28/2025
"LEGO 40787 MARIO KART SPINY SHELL GWP","Inventory",0.00,,0.00,25.00,0.00,"Toys","BIN FOUR","new","T466688829","",12/28/2025
"LEGO 40758 CELEBRATION FERRIS WHEEL WITH FIREWORKS","Inventory",0.00,,0.00,20.00,0.00,"Toys","BIN FOUR","new","T470208690","",12/28/2025
"LEGO 40535 MARVEL IRON MAN BRICK SKETCHES","Inventory",0.00,,0.00,,0.00,"Toys","BIN FOUR","new","","",12/28/2025
"LEGO 40598 GRINGOTTS VAULT","Inventory",0.00,,0.00,30.00,0.00,"Toys","BIN FOUR","new","T418960967","",12/28/2025
"LEGO 40641 BIRTHDAY CAKE","Inventory",0.00,,21.28,19.00,0.00,"Toys","BIN FOUR","new","T435568157","",12/28/2025
"LEGO 40466","Inventory",0.00,,16.80,25.00,0.00,"Toys","BIN FOUR","new","T401056434","",12/28/2025
"LEGO 40559 ROAD RUNNER & WILE E COYOTE BRICKHEADZ","Inventory",0.00,,28.00,25.00,0.00,"Toys","BIN FOUR","new","T392377341","",12/28/2025
"LEGO 40569 LONDON POSTCARD","Inventory",0.00,,21.28,19.00,0.00,"Toys","BIN FOUR","new","T402851183","",12/28/2025
"LEGO 40462 VALENTINES BROWN BEAR","Inventory",0.00,,22.40,20.00,0.00,"Toys","BIN FOUR","new","T375502259","",12/28/2025
"LEGO 71396 SUPER MARIO BOWSER JRS CLOWN CAR EXPANSION SET","Inventory",0.00,,12.53,14.00,0.00,"Toys","BIN FOUR","new","T402851183","",12/28/2025
"LEGO 6432430 PIRATE ADVENTURE RIDE","Inventory",0.00,,0.00,30.00,0.00,"Toys","BIN FOUR","new","T402851183","",12/28/2025
"LEGO 910047 MEDIEVAL SEASIDE MARKET BRICKLINK","Inventory",0.00,,336.00,300.00,0.00,"Toys","BOX D","new","T459386114","",12/29/2025
"LEGO 910048 RIVERSIDE SCHOLARS BRICKLINK","Inventory",0.00,,291.20,260.00,0.00,"Toys","BOX D","new","T459836114","",12/29/2025
"LEGO 910043 FOREST STRONGHOLD","Inventory",0.00,,425.60,380.00,0.00,"Toys","BOX D","new","T445921627","",12/29/2025
"LEGO 910038 OMINOUS ISLE BRICKLINK","Inventory",0.00,,347.20,310.00,0.00,"Toys","BOX D","new","T438808667","",12/29/2025
"LEGO 76403 THE MINISTRY OF MAGIC HARRY POTTER","Inventory",0.00,,145.60,130.00,0.00,"Toys","BOX D","new","T393921958","",12/29/2025
"LEGO 40699 Retro Record Player - Limited Edition GWP - Brand New (Copy)","Sold",65.00,50.00,0.00,,50.00,"Toys","","new","","LEGO, LEGO 40699, Retro Record Player, Vintage, Music, Limited Edition, Gift with Purchase, GWP, Home Decor, Record Player, Rare LEGO, Vinyl Record",1/25/2026
"LEGO 910037 MUSHROOM HOUSE BRICKLINK DESIGNER","Inventory",0.00,,134.40,120.00,0.00,"Toys","BIN FIVE","new","T438808667","",12/29/2025
"LEGO 42152 FIREFIGHTER AIRCRAFT","Inventory",0.00,,145.60,130.00,0.00,"Toys","BIN FIVE","new","T446174478","",12/29/2025
"LEGO 910011 1950'S DINER BRICKLINK DESIGNER","Inventory",0.00,,190.40,170.00,0.00,"Toys","BIN FIVE","new","T390957367","",12/29/2025
"LEGO 910016 SHERIFFS SAFE BRICKLINK DESIGNER","Inventory",0.00,,72.80,65.00,0.00,"Toys","BIN FIVE","new","T375546669","",12/29/2025
"LEGO 40691 MYTHICAL PEGASUS CREATOR 3 IN 1","Inventory",0.00,,0.00,25.00,0.00,"Toys","BIN FIVE","new","T442891872","",12/29/2025
"LEGO 76328 BATMAN THE CLASSIC TV SERIES BATMOBILE","Inventory",0.00,,0.00,,0.00,"Toys","BIN FIVE","new","","",12/29/2025
"LEGO 40671 POTTED GROOT MARVEL BRICKHEADZ","Inventory",0.00,,14.56,13.00,0.00,"Toys","BIN FIVE","new","T446703499","",12/29/2025
"LEGO 6550804 CHRONOMETER","Inventory",0.00,,0.00,34.00,0.00,"Toys","BIN FIVE","new","T451227010","",12/29/2025
"LEGO 6544434 ENTRANCE GATE","Inventory",0.00,,0.00,,0.00,"Toys","BIN FIVE","new","","",12/29/2025
"LEGO 6369952 SNOWMAN AND REINDEER DUO","Inventory",0.00,,0.00,,0.00,"Toys","BIN FIVE","new","","",12/29/2025
"LEGO 40422 FRANKENSTEIN BRICKHEADZ","Inventory",0.00,,14.56,13.00,0.00,"Toys","BIN FIVE","new","T370523258","",12/29/2025
"LEGO 910044 WILD WEST TRAIN BRICKLINK DESIGNER","Inventory",0.00,,392.00,350.00,0.00,"Toys","BOX E","new","T459413566","",12/29/2025
"LEGO 910002 STUDGATE TRAIN STATION","Inventory",0.00,,560.00,500.00,0.00,"Toys","BOX E","new","T390957367","",12/29/2025
"LEGO 910036 OCEAN HOUSE","Inventory",0.00,,291.20,260.00,0.00,"Toys","BOX E","new","T438808667","",12/29/2025
"LEGO 76407 THE SHRIEKING SHACK & WHOMPING WILLOW HARRY POTTER","Inventory",0.00,,134.40,120.00,0.00,"Toys","BOX E","new","T390895977","",12/29/2025
"LEGO 43226 DISNEY DUOS","Inventory",0.00,,67.20,60.00,0.00,"Toys","BOX E","new","T435438584","",12/29/2025
"Lego #6373621 Swing Ship Ride BNIB rare","Active",25.00,,0.00,17.00,0.00,"Toys","SELL SHELFS","new","T378922421, T375193487","6373621, Swing Ship Ride, Promotional, Exclusive, Retired, RARE, COLLECTORS BNIB, LEGO, Brand new sealed in box, building, blocks, building blocks, kids, adults, vintage, gift for kids, AFOL",12/29/2025
"Lego #40530 Jane Goodall Tribute Seasonal BNIB retired","Active",40.00,,0.00,30.00,0.00,"Toys","SELL SHELFS","new","T388176771, T38811896, T387758855","40530, Jane Goodall Tribute, Seasonal, Exclusive, Retired, RARE, COLLECTORS BNIB, LEGO, Brand new sealed in box, building, blocks, building blocks, kids, adults, vintage, gift for kids, AFOL",12/29/2025
"Lego #40706 Micro NINJAGO City Markets Ninjago BNIB rare","Active",30.00,,0.00,22.00,0.00,"Toys","SELL SHELFS","new","T446703499, T466174478, T440299635","40706, Micro NINJAGO City Markets, Ninjago, Exclusive, Retired, RARE, COLLECTORS BNIB, LEGO, Brand new sealed in box, building, blocks, building blocks, kids, adults, vintage, gift for kids, AFOL",12/30/2025
"Lego #40728 Brite Bomber Fortnite BNIB rare","Draft",0.00,,0.00,,0.00,"Toys","SELL SHELFS","new","","40728, Brite Bomber, Fortnite, Exclusive, Retired, RARE, COLLECTORS BNIB, LEGO, Brand new sealed in box, building, blocks, building blocks, kids, adults, vintage, gift for kids, AFOL,",12/30/2025
"Lego #40451 Tatooine Homestead Star Wars BNIB retired","Active",25.00,,0.00,20.00,0.00,"Toys","SELL SHELFS","new","T373266202, T373180009","40451, Tatooine Homestead, Star Wars, Exclusive, Retired, RARE, COLLECTORS BNIB, LEGO, Brand new sealed in box, building, blocks, building blocks, kids, adults, vintage, gift for kids, AFOL, nib, misb, hard to find",12/30/2025
"RARE RETIRED LEGO 40486 Adidas Originals Superstar Mini Build Exclusive BNIB (Copy)","Sold",40.00,40.00,12.58,,27.42,"Toys","","new","","40486, Adidas, Superstar, Originals, Mini Build, Exclusive, Retired, BNIB, LEGO",1/25/2026
"Lego #71399 Luigi's Mansion Entryway Super Mario BNIB retired","Draft",80.00,,56.00,50.00,0.00,"Toys","SELL SHELFS","new","T385245680","71399, Luigi's Mansion Entryway, Super Mario, Exclusive, Retired, RARE, COLLECTORS BNIB, LEGO, Brand new sealed in box, building, blocks, building blocks, kids, adults, vintage, gift for kids, AFOL, nib, misb, hard to find",1/3/2026
"Lego #71387 Adventures with Luigi Starter Course Super Mario BNIB retired","Draft",120.00,,78.40,70.00,0.00,"Toys","SELL SHELFS","new","T373027491","71387, Adventures with Luigi Starter Course, Super Mario, Exclusive, Retired, RARE, COLLECTORS BNIB, LEGO, Brand new sealed in box, building, blocks, building blocks, kids, adults, vintage, gift for kids, AFOL, nib, misb, hard to find",1/3/2026
"Lego #40493 Spider & Haunted House Pack Seasonal BNIB retired","Draft",35.00,,14.56,13.00,0.00,"Toys","SELL SHELFS","new","T376591225","40493, Spider & Haunted House Pack, Seasonal, Exclusive, Retired, RARE, COLLECTORS BNIB, LEGO, Brand new sealed in box, building, blocks, building blocks, kids, adults, vintage, gift for kids, AFOL, nib, misb, hard to find",1/3/2026
"Title Lego #40449 Easter Bunny's Carrot House Seasonal BNIB retired","Draft",30.00,,0.00,17.00,0.00,"Toys","SELL SHELFS","new","T369743882","",1/3/2026
"Lego #75254 AT-ST Raider Star Wars BNIB retired","Draft",125.00,,53.20,70.00,0.00,"Toys","SELL SHELFS","new","ROCKY","75254, AT-ST Raider, Star Wars, Exclusive, Retired, RARE, COLLECTORS BNIB, LEGO, Brand new sealed in box, building, blocks, building blocks, kids, adults, vintage, gift for kids, AFOL, nib, misb, hard to find",1/3/2026
"Lego #40690 Tribute to Jules Verne's Books Promotional BNIB retired","Active",60.00,,0.00,33.00,0.00,"Toys","SELL SHELFS","new","T439791389","40690, Tribute to Jules Verne's Books, Promotional, Exclusive, Retired, RARE, COLLECTORS BNIB, LEGO, Brand new sealed in box, building, blocks, building blocks, kids, adults, vintage, gift for kids, AFOL, nib, misb, hard to find",1/3/2026
"Lego #76399 Hogwarts Magical Trunk Harry Potter BNIB retired","Active",130.00,,95.20,85.00,0.00,"Toys","SELL SHELFS","new","T414251210","",1/3/2026
"Lego #71706 Cole's Speeder Car Ninjago BNIB retired","Draft",30.00,,0.00,,0.00,"Toys","SELL SHELFS","new","","71706, Cole's Speeder Car, Ninjago, Exclusive, Retired, RARE, COLLECTORS BNIB, LEGO, Brand new sealed in box, building, blocks, building blocks, kids, adults, vintage, gift for kids, AFOL, nib, misb, hard to find",1/3/2026
"Lego #41165 Anna's Canoe Expedition Disney Frozen II BNIB retired","Active",30.00,,10.00,,0.00,"Toys","SELL SHELFS","new","","41165, Anna's Canoe Expedition, Disney Frozen II, Exclusive, Retired, RARE, COLLECTORS BNIB, LEGO, Brand new sealed in box, building, blocks, building blocks, kids, adults, vintage, gift for kids, AFOL, nib, misb, hard to find",1/3/2026
"Lego #75268 Snowspeeder Star Wars BNIB retired","Active",35.00,,0.00,,0.00,"Toys","SELL SHELFS","new","","75268, Snowspeeder, Star Wars, Exclusive, Retired, RARE, COLLECTORS BNIB, LEGO, Brand new sealed in box, building, blocks, building blocks, kids, adults, vintage, gift for kids, AFOL",1/3/2026
"Lego #70500 Kai's Fire Mech Ninjago BNIB retired BOX DAMAGED BUT STILL SEALED","Active",100.00,,19.32,13.00,0.00,"Toys","SELL SHELFS","new","ROCKY","70500, Kai's Fire Mech, Ninjago, Exclusive, Retired, RARE, COLLECTORS BNIB, LEGO, Brand new sealed in box, building, blocks, building blocks, kids, adults, vintage, gift for kids, AFOL, nib",1/3/2026
"Lego #75169 Duel on Naboo Star Wars BNIB retired","Sold",80.00,80.00,51.52,30.00,28.48,"Toys","SELL SHELFS","new","FB I THINK","75169, Duel on Naboo, Star Wars, Exclusive, Retired, RARE, COLLECTORS BNIB, LEGO, Brand new sealed in box, building, blocks, building blocks, kids, adults, vintage, gift for kids, AFOL",1/3/2026
"Lego #40689 Firework Celebrations Seasonal BNIB rare","Active",20.00,,0.00,19.00,0.00,"Toys","SELL SHELFS","new","T440299635","40689, Firework Celebrations, Seasonal, Exclusive, Retired, RARE, COLLECTORS BNIB, LEGO, Brand new sealed in box, building, blocks, building blocks, kids, adults, vintage, gift for kids, AFOL",1/3/2026
"Lego #75530 Chewbacca Star Wars BNIB retired","Active",100.00,,35.00,45.00,0.00,"Toys","SELL SHELFS","new","ROCKY","75530, Chewbacca, Star Wars, Exclusive, Retired, RARE, COLLECTORS BNIB, LEGO, Brand new sealed in box, building, blocks, building blocks, kids, adults, vintage, gift for kids, AFOL",1/3/2026
"Lego #41687 Magical Funfair Stalls Friends BNIB retired","Active",50.00,,30.00,,0.00,"Toys","SELL SHELFS","new","ROCKY","41687, Magical Funfair Stalls, Friends, Exclusive, Retired, RARE, COLLECTORS BNIB, LEGO, Brand new sealed in box, building, blocks, building blocks, kids, adults, vintage, gift for kids, AFOL",1/3/2026
"Lego #71427 Larry's and Morton's Airships Super Mario BNIB retired","Active",180.00,,14.59,100.00,0.00,"Toys","SELL SHELFS","new","T416209185","71427, Larry's and Morton's Airships, Super Mario, Exclusive, Retired, RARE, COLLECTORS BNIB, LEGO, Brand new sealed in box, building, blocks, building blocks, kids, adults, vintage, gift for kids, AFOL",1/3/2026
"Lego #70603 Raid Zeppelin Ninjago BNIB retired","Active",180.00,,77.28,,0.00,"Toys","SELL SHELFS","new","auction","70603, Raid Zeppelin, Ninjago, Exclusive, Retired, RARE, COLLECTORS BNIB, LEGO, Brand new sealed in box, building, blocks, building blocks, kids, adults, vintage, gift for kids, AFOL",1/3/2026
"Lego #71391 Bowser's Airship Super Mario BNIB retired","Active",180.00,,156.80,140.00,0.00,"Toys","SELL SHELFS","new","T375569011","71391, Bowser's Airship, Super Mario, Exclusive, Retired, RARE, COLLECTORS BNIB, LEGO, Brand new sealed in box, building, blocks, building blocks, kids, adults, vintage, gift for kids, AFOL",1/3/2026
"Lego #76393 Harry Potter & Hermione Granger Harry Potter BNIB retired","Active",200.00,,107.52,160.00,0.00,"Toys","SELL SHELFS","new","T401056434","",1/3/2026
"Lego #75314 The Bad Batch™ Attack Shuttle Star Wars BNIB retired","Active",250.00,,80.00,140.00,0.00,"Toys","SELL SHELFS","new","ROCKY","75314, The Bad Batch Attack Shuttle, Star Wars, Exclusive, Retired, RARE, COLLECTORS BNIB, LEGO, Brand new sealed in box, building, blocks, building blocks, kids, adults, vintage, gift for kids, AFOL",1/3/2026
"Lego #71390 Reznor Knockdown Super Mario BNIB retired","Active",125.00,,70.56,90.00,0.00,"Toys","SELL SHELFS","new","T414251210","71390, Reznor Knockdown, Super Mario, Exclusive, Retired, RARE, COLLECTORS BNIB, LEGO, Brand new sealed in box, building, blocks, building blocks, kids, adults, vintage, gift for kids, AFOL",1/3/2026
"Lego #77906 Wonder Woman DC Super Heroes BNIB rare","Active",75.00,,45.00,,0.00,"Toys","SELL SHELFS","new","FB","77906, Wonder Woman, DC Super Heroes, Exclusive, Retired, RARE, COLLECTORS BNIB, LEGO, Brand new sealed in box, building, blocks, building blocks, kids, adults, vintage, gift for kids, AFOL",1/3/2026
"Lego #910041 Camping Adventure BrickLink Designer Program BNIB rare","Active",125.00,,78.40,70.00,0.00,"Toys","SELL SHELFS","new","T445921627","910041, Camping Adventure, BrickLink Designer Program, Exclusive, Retired, RARE, COLLECTORS BNIB, LEGO, Brand new sealed in box, building, blocks, building blocks, kids, adults, vintage, gift for kids, AFOL",1/3/2026
"Lego #70652 Stormbringer Ninjago BNIB retired","Active",150.00,,90.16,65.00,0.00,"Toys","SELL SHELFS","new","AUCTION","70652, Stormbringer, Ninjago, Exclusive, Retired, RARE, COLLECTORS BNIB, LEGO, Brand new sealed in box, building, blocks, building blocks, kids, adults, vintage, gift for kids, AFOL",1/3/2026
"Lego #71749 Final Flight of Destiny's Bounty Ninjago BNIB retired","Active",60.00,,32.20,49.00,0.00,"Toys","SELL SHELFS","new","AUCTION?","71749, Final Flight of Destiny's Bounty, Ninjago, Exclusive, Retired, RARE, COLLECTORS BNIB, LEGO, Brand new sealed in box, building, blocks, building blocks, kids, adults, vintage, gift for kids, AFOL",1/3/2026
"RARE RETIRED LEGO 40486 Adidas Originals Superstar Mini Build Exclusive BNIB (Copy 2)","Sold",40.00,40.00,0.00,,40.00,"Toys","","new","","40486, Adidas, Superstar, Originals, Mini Build, Exclusive, Retired, BNIB, LEGO",1/23/2026
"Lego 76285 Marvel Spider-Man's Mask","Inventory",0.00,,100.80,90.00,0.00,"Toys","BIN SIX","new","T442891872","",1/23/2026
"LEGO 76250 MARVEL WOLVERINES ADAMANTIUM CLAWS","Inventory",0.00,,100.80,90.00,0.00,"Toys","BIN SIX","new","T442891872","",1/23/2026
"LEGO 10325 ICONS ALPINE LODGE","Inventory",0.00,,145.60,130.00,0.00,"Toys","BIN SIX","new","T424447892","",1/23/2026
"LEGO 40729 SHACKLETONS LIFEBOAT GWP","Inventory",0.00,,0.00,33.00,0.00,"Toys","BIN SIX","new","T451227010","",1/23/2026
"LEGO 40482 BRICKHEADZ HAMSTER","Inventory",0.00,,22.40,20.00,0.00,"Toys","BIN SIX","new","T378326710","",1/23/2026
"LEGO 40262 CHRISTMAS TRAIN RIDE","Inventory",0.00,,15.00,12.00,0.00,"Toys","BIN SIX","new","","",1/23/2026
"LEGO 40371 EASTER EGG","Inventory",0.00,,10.00,17.00,0.00,"Toys","BIN SIX","new","","",1/23/2026
"LEGO 76906 SPEED CHAMPIONS 1970 FERRARI 512 M","Inventory",0.00,,28.00,25.00,0.00,"Toys","BIN SIX","new","T388111896","",1/23/2026
"LEGO 76908 SPEED CHAMPIONS LAMBORGHINI COUNTACH","Inventory",0.00,,28.00,25.00,0.00,"Toys","BIN SIX","new","T388111896","",1/23/2026
"LEGO 76206 MARVEL IRON MAN FIGURE","Inventory",0.00,,56.00,50.00,0.00,"Toys","BIN SIX","new","T386037097","",1/23/2026
"LEGO 31143 CREATOR 3IN1 BIRDHOUSE","Inventory",0.00,,44.80,40.00,0.00,"Toys","BIN SIX","new","T402851183","",1/23/2026
"LEGO 75300 STARWARS IMPERIAL TIE FIGHTER","Inventory",0.00,,38.00,50.00,0.00,"Toys","BIN SIX","new","FB","",1/23/2026
"LEGO 40499 SANTAS SLEIGH","Inventory",0.00,,56.00,50.00,0.00,"Toys","BIN SIX","new","T378892671","",1/23/2026
"LEGO 31088 CREATOR 3IN1 DEEP SEA CREATURES","Inventory",0.00,,22.40,20.00,0.00,"Toys","BIN SIX","new","T376016305","",1/23/2026
"LEGO 31156 CREATOR 3IN1 TROPICAL UKULELE","Inventory",0.00,,44.80,40.00,0.00,"Toys","BIN SIX","new","T442891872","",1/23/2026
"LEGO 40203 VAMPIRE AND BAT","Inventory",0.00,,15.00,7.00,0.00,"Toys","BIN SIX","new","FB","",1/23/2026
"LEGO 910027 BRICKLINK MOUNTAIN VIEW OBSERVATORY V39","Inventory",0.00,,369.60,330.00,0.00,"Toys","BOX F","new","MICHELLE INVOICE","",1/23/2026
"LEGO 910029 BRICKLINK MOUNTAIN FORTRESS V39","Inventory",0.00,,543.20,485.00,0.00,"Toys","BOX F","new","T432414371","",1/23/2026
"LEGO 910023 BRICKLINK VENETIAN HOUSE V39","Inventory",0.00,,414.40,370.00,0.00,"Toys","BOX F","new","T381255798","",1/23/2026
"LEGO 910034 BRICKLINK BRICK CROSS V39","Inventory",0.00,,392.00,350.00,0.00,"Toys","BOX F","new","T438808667","",1/23/2026
"LEGO 10315 ICONS TRANQUIL GARDEN","Inventory",0.00,,156.80,140.00,0.00,"Toys","BIN SEVEN","new","T433731315","",1/23/2026
"LEGO 75967 HARRY POTTER FORBIDDEN FOREST UMBRIDGES ENCOUNTER","Inventory",0.00,,25.20,40.00,0.00,"Toys","BIN SEVEN","new","FB","",1/23/2026
"LEGO 75957 HARRY POTTER THE KNIGHT BUS","Inventory",0.00,,38.00,50.00,0.00,"Toys","BIN SEVEN","new","FB","",1/23/2026
"LEGO 76395 HARRY POTTER HOGWARTS FIRST FLYING LESSON","Inventory",0.00,,44.80,40.00,0.00,"Toys","BIN SEVEN","new","T376051880","",1/23/2026
"LEGO 75948 HARRY POTTER HOGWARTS CLOCK TOWER","Inventory",0.00,,75.60,120.00,0.00,"Toys","BIN SEVEN","new","FB ROCKY","",1/23/2026
"LEGO 76388 HARRY POTTER HOGSMEADE VILLAGE VISIT","Inventory",0.00,,123.20,110.00,0.00,"Toys","BIN SEVEN","new","T374152467","",1/23/2026
"LEGO 76394 HARRY POTTER FAWKES DUMBLEDORES PHOENIX","Inventory",0.00,,50.00,50.00,0.00,"Toys","BIN SEVEN","new","T372791322","",1/23/2026
"LEGO 76387 HARRY POTTER HOGWARTS FLUFFY ENCOUNTER","Inventory",0.00,,56.00,50.00,0.00,"Toys","BIN SEVEN","new","T374152467","",1/23/2026
"LEGO 76384 HARRY POTTER HOGWARTS MOMENT HERBOLOGY CLASS","Inventory",0.00,,25.20,40.00,0.00,"Toys","BIN SEVEN","new","FB ROCKY","",1/23/2026
"LEGO 75966 HARRY POTTER HOGWARTS ROOM OF REQUIREMENT","Inventory",0.00,,22.80,30.00,0.00,"Toys","BIN SEVEN","new","FB ROCKY","",1/23/2026
"LEGO 75945 HARRY POTTER EXPECTO PATRONUM","Inventory",0.00,,12.60,20.00,0.00,"Toys","BIN SEVEN","new","FB ROCKY","",1/23/2026
"LEGO 910003 BRICKLINK MOUNTAIN WINDMILL","Inventory",0.00,,257.60,230.00,0.00,"Toys","BOX G","new","T381224943","",1/23/2026
"LEGO 910009 BRICKLINK MODULAR LEGO STORE","Inventory",0.00,,257.60,230.00,0.00,"Toys","BOX G","new","T381224943","",1/23/2026
"LEGO 910040 BRICKLINK HARBORMASTERS OFFICE","Inventory",0.00,,291.20,260.00,0.00,"Toys","BOX G","new","T445921627","",1/23/2026
"LEGO 76429 HARRY POTTER TALKING SORTING HAT","Inventory",0.00,,145.60,130.00,0.00,"Toys","BOX G","new","T441834758","",1/23/2026
"LEGO 76994 SONIC THE HEDGEHOG SONICS GREEN HILL ZONE LOOP CHALLENGE","Inventory",0.00,,145.60,130.00,0.00,"Toys","BOX G","new","T435568157","",1/23/2026
"LEGO 76393 HARRY POTTER & HERMIONE GRANGER","Inventory",0.00,,107.52,160.00,0.00,"Toys","BIN EIGHT","new","T401056434","",1/24/2026
"LEGO 75953 HARRYPOTTER HOGWARTS WHOMPING WILLOW","Inventory",0.00,,100.80,90.00,0.00,"Toys","BIN EIGHT","new","T372352967","",1/24/2026
"LEGO 76383 HARRY POTTER HOGWARTS MOMENT POTIONS CLASS","Inventory",0.00,,25.20,40.00,0.00,"Toys","BIN EIGHT","new","FB ROCKY","",1/24/2026
"LEGO 76382 HARRY POTTER HOGWARTS MOMENT TRANSFIGURATION CLASS","Inventory",0.00,,25.20,40.00,0.00,"Toys","BIN EIGHT","new","FB ROCKY","",1/24/2026
"LEGO 76398 HARRY POTTER HOGWARTS HOSPITAL WING","Inventory",0.00,,72.80,65.00,0.00,"Toys","BIN EIGHT","new","T402851183","",1/24/2026
"LEGO 40495 HARRY POTTER HARRY, HERMIONE, RON & HAGRID","Inventory",0.00,,39.20,35.00,0.00,"Toys","BIN EIGHT","new","T375023258","",1/24/2026
"LEGO 30628 HARRY POTTER THE BOOK OF MONSTERS","Inventory",0.00,,0.00,27.00,0.00,"Toys","BIN EIGHT","new","","",1/24/2026
"LEGO 10334 ICONS RETRO RADIO","Inventory",0.00,,145.60,130.00,0.00,"Toys","BIN EIGHT","new","T440299635","",1/24/2026
"LEGO 40573 CHRISTMAS TREE","Inventory",0.00,,61.60,55.00,0.00,"Toys","BIN EIGHT","new","T398448239","",1/24/2026
"LEGO 40531 LARS FAMILY HOMESTEAD KITCHEN","Inventory",0.00,,0.00,25.00,0.00,"Toys","BIN EIGHT","new","T390150845","",1/24/2026
"LEGO 40382 BIRTHDAY SET","Inventory",0.00,,19.04,17.00,0.00,"Toys","BIN EIGHT","new","","",1/24/2026
"LEGO 40493 SPIDER & HAUNTED HOUSE PACK","Inventory",0.00,,14.56,13.00,0.00,"Toys","BIN EIGHT","new","T376591225","",1/24/2026
"LEGO 40524 SUNFLOWERS","Inventory",0.00,,19.04,17.00,0.00,"Toys","BIN EIGHT","new","T386037097","",1/24/2026
"LEGO 40532 VINTAGE TAXI","Inventory",0.00,,0.00,19.00,0.00,"Toys","BIN EIGHT","new","T386249819","",1/24/2026
"LEGO 31128 CREATOR 3IN1 DOLPHIN AND TURTLE","Inventory",0.00,,15.68,14.00,0.00,"Toys","BIN EIGHT","new","T387758855","",1/24/2026
"LEGO 75321 STAR WARS THE RAZOR CREST MICROFIGHTER","Inventory",0.00,,15.68,14.00,0.00,"Toys","BIN EIGHT","new","T385326763","",1/24/2026
"LEGO 60400 CITY GO-KARTS AND RACE DRIVERS","Inventory",0.00,,15.68,14.00,0.00,"Toys","BIN EIGHT","new","T441834758","",1/24/2026
"LEGO 21058 ARCHITECTURE GREAT PYRAMID OF GIZA","Inventory",0.00,,190.40,170.00,0.00,"Toys","BOX H","new","T401049886","",1/24/2026
"LEGO 10352 ICONS THE SIMPSONS KRUSTY BURGER","Inventory",0.00,,291.20,260.00,0.00,"Toys","BOX H","new","T475923778","",1/24/2026
"LEGO 910042 BRICKLINK LOST CITY","Inventory",0.00,,392.00,350.00,0.00,"Toys","BOX H","new","T445933355","",1/24/2026
"LEGO 72037 SUPER MAIRO KART MARIO & STANDARD KART","Inventory",0.00,,246.40,220.00,0.00,"Toys","BOX H","new","T466688829","",1/24/2026
"LEGO 43227 DISNEY VILLAIN ICONS","Inventory",0.00,,190.40,170.00,0.00,"Toys","BOX H","new","T426413221","",1/24/2026
"LEGO 21315 IDEAS POP-UP BOOK","Inventory",0.00,,100.00,,0.00,"Toys","BIN NINE","new","","",1/24/2026
"LEGO 60253 CITY ICE-CREAM TRUCK","Inventory",0.00,,28.00,25.00,0.00,"Toys","BIN NINE","new","T378920634","",1/24/2026
"LEGO 31118 CREATOR 3IN1 SURFER BEACH HOUSE","Inventory",0.00,,78.40,70.00,0.00,"Toys","BIN NINE","new","T378326710","",1/24/2026
"LEGO 60324 CITY MOBILE CRANE","Inventory",0.00,,56.00,50.00,0.00,"Toys","BIN NINE","new","T386037097","",1/24/2026
"LEGO 75301 STAR WARS LUKE SKYWALKERS X-WING FIGHTER","Inventory",0.00,,78.40,70.00,0.00,"Toys","BIN NINE","new","T373563103","",1/24/2026
"LEGO 21305 IDEAS MAZE","Inventory",0.00,,200.00,,0.00,"Toys","BIN NINE","new","","",1/24/2026
"LEGO 75375 STAR WARS MILLENNIUM FALCON","Inventory",0.00,,123.20,110.00,0.00,"Toys","BIN NINE","new","T436702662","",1/24/2026
"LEGO 76917 SPEED CHAMPIONS 2 FAST 2 FURIOUS NISSAN SKYLINE GT-R (R24)","Inventory",0.00,,33.60,30.00,0.00,"Toys","BIN NINE","new","T402851183","",1/24/2026
"LEGO 40711 HEDGEHOG PICNIC DATE","Inventory",0.00,,19.04,17.00,0.00,"Toys","BIN NINE","new","T440299356","",1/24/2026
"LEGO 40700 WINTER HOLIDAY TRAIN GWP","Inventory",0.00,,0.00,25.00,0.00,"Toys","BIN NINE","new","T451235958","",1/24/2026
"LEGO 40530 JANE GOODALL TRIBUTE GWP","Inventory",0.00,,0.00,30.00,0.00,"Toys","BIN NINE","new","T388176771","",1/24/2026
"LEGO 40498 CHRISTMAS PENGUIN","Inventory",0.00,,22.40,20.00,0.00,"Toys","BIN NINE","new","T378917782","",1/24/2026
"LEGO 40417 YEAR OF THE OX","Inventory",0.00,,9.62,13.00,0.00,"Toys","BIN NINE","new","FB ROCKY","",1/24/2026
"LEGO 75298 STAR WARS AT-AT VS TAUNTAUN MICROFIGHTERS","Inventory",0.00,,25.00,25.00,0.00,"Toys","BIN NINE","new","","",1/24/2026
"LEGO 75320 STAR WARS SNOWTROOPER BATTLE PACK","Inventory",0.00,,28.00,25.00,0.00,"Toys","BIN NINE","new","T390150845","",1/24/2026
"LEGO 40698 BOOKS ARE MY PASSION GWP","Inventory",0.00,,0.00,25.00,0.00,"Toys","BIN NINE","new","T447120107","",1/24/2026
"LEGO 40139 GINGERBREAD HOUSE","Inventory",0.00,,65.00,,0.00,"Toys","BIN NINE","new","","",1/24/2026
"LEGO 6392343 VINTAGE CAMERA","Inventory",0.00,,0.00,30.00,0.00,"Toys","BIN NINE","new","T384719268","",1/24/2026
"LEGO 40491 YEAR OF THE TIGER","Inventory",0.00,,0.00,13.00,0.00,"Toys","BIN NINE","new","T385498484","",1/24/2026
"LEGO 6346105 ROMAN CHARIOT","Inventory",0.00,,0.00,17.00,0.00,"Toys","BIN NINE","new","T372352967","",1/24/2026